{
  "bits_uplift_central": -0.16999999999999993,
  "llm_parse_uplift_central": 0.10599999999999987,
  "agent_uplift_central": 0.06400000000000006,
  "llm_parse_uplift_search": 0.4979999999999998
}
